{ 
    "_id" : ObjectId("606d9c77841dd0e941e992d3"), 
    "id" : "1", 
    "UserName" : "Test", 
    "UserEmail" : "Test@gmail.com", 
    "UserPassword" : "7c4a8d09ca3762af61e59520943dc26494f8941b", 
    "UserPhone" : "789456132", 
    "UserType" : "Admin", 
    "Status" : "Active", 
    "Date_Created" : "2021-04-07 17:16:53", 
    "Date_Modified" : "2021-04-07 17:18:17"
}
{ 
    "_id" : ObjectId("606d9d46841dd0e941e992d4"), 
    "id" : "2", 
    "UserName" : "Test", 
    "UserEmail" : "user@gmail.com", 
    "UserPassword" : "7c4a8d09ca3762af61e59520943dc26494f8941b", 
    "UserPhone" : "789456132", 
    "UserType" : "User", 
    "Status" : "Active", 
    "Date_Created" : "2021-04-07 17:16:53", 
    "Date_Modified" : "2021-04-07 17:18:17"
}
{ 
    "_id" : ObjectId("606d9d48841dd0e941e992d5"), 
    "id" : "3", 
    "UserName" : "Test", 
    "UserEmail" : "admin@gmail.com", 
    "UserPassword" : "7c4a8d09ca3762af61e59520943dc26494f8941b", 
    "UserPhone" : "789456132", 
    "UserType" : "Amdin", 
    "Status" : "Active", 
    "Date_Created" : "2021-04-07 17:16:53", 
    "Date_Modified" : "2021-04-07 17:18:17"
}
